task_name,start_time,end_time
task_1530093182765_0001_m_000000,18:54:58,18:57:03
task_1530093182765_0001_m_000001,18:54:58,18:56:59
task_1530093182765_0001_m_000002,18:54:58,18:57:08
task_1530093182765_0001_m_000003,18:54:58,18:57:10
task_1530093182765_0001_m_000004,18:54:58,18:57:04
task_1530093182765_0001_m_000005,18:54:58,18:57:01
task_1530093182765_0001_m_000006,18:54:58,18:57:05
task_1530093182765_0001_m_000007,18:54:58,18:57:00
task_1530093182765_0001_m_000009,18:54:58,18:56:58
task_1530093182765_0001_m_000011,18:54:58,18:57:01
task_1530093182765_0001_m_000016,18:54:58,18:57:10
task_1530093182765_0001_m_000017,18:54:58,18:57:01
task_1530093182765_0001_m_000074,18:54:58,18:57:06
task_1530093182765_0001_m_000077,18:54:58,18:56:55
task_1530093182765_0001_m_000080,18:54:58,18:56:49
task_1530093182765_0001_m_000085,18:54:58,18:57:00
task_1530093182765_0001_m_000087,18:54:58,18:56:50
task_1530093182765_0001_m_000103,18:54:58,18:57:01
task_1530093182765_0001_m_000107,18:54:58,18:56:57
task_1530093182765_0001_m_000108,18:54:58,18:56:56
task_1530093182765_0001_m_000118,18:54:58,18:56:54
task_1530093182765_0001_m_000122,18:54:58,18:57:05
task_1530093182765_0001_m_000128,18:54:58,18:57:02
task_1530093182765_0001_m_000139,18:54:58,18:56:58
task_1530093182765_0001_m_000146,18:54:58,18:57:01
task_1530093182765_0001_m_000147,18:54:58,18:57:00
task_1530093182765_0001_m_000156,18:54:58,18:57:01
task_1530093182765_0001_m_000177,18:54:58,18:56:54
task_1530093182765_0001_m_000185,18:54:58,18:57:02
task_1530093182765_0001_m_000191,18:54:58,18:56:46
task_1530093182765_0001_m_000203,18:54:58,18:56:51
task_1530093182765_0001_m_000204,18:54:58,18:56:48
task_1530093182765_0001_m_000210,18:54:58,18:56:56
task_1530093182765_0001_m_000211,18:54:58,18:56:45
task_1530093182765_0001_m_000215,18:54:58,18:56:46
task_1530093182765_0001_m_000216,18:54:58,18:56:45
task_1530093182765_0001_m_000217,18:54:58,18:56:50
task_1530093182765_0001_m_000220,18:54:58,18:56:48
task_1530093182765_0001_m_000233,18:54:58,18:56:41
task_1530093182765_0001_m_000235,18:54:58,18:56:51
task_1530093182765_0001_m_000243,18:54:58,18:56:52
task_1530093182765_0001_m_000244,18:54:58,18:56:54
task_1530093182765_0001_m_000257,18:54:58,18:56:56
task_1530093182765_0001_m_000269,18:54:58,18:56:46
task_1530093182765_0001_m_000008,18:54:59,18:57:10
task_1530093182765_0001_m_000010,18:54:59,18:57:06
task_1530093182765_0001_m_000012,18:54:59,18:57:16
task_1530093182765_0001_m_000013,18:54:59,18:57:14
task_1530093182765_0001_m_000014,18:54:59,18:57:09
task_1530093182765_0001_m_000015,18:54:59,18:57:08
task_1530093182765_0001_m_000018,18:54:59,18:57:07
task_1530093182765_0001_m_000020,18:54:59,18:56:51
task_1530093182765_0001_m_000028,18:54:59,18:57:03
task_1530093182765_0001_m_000033,18:54:59,18:57:07
task_1530093182765_0001_m_000038,18:54:59,18:57:06
task_1530093182765_0001_m_000042,18:54:59,18:57:02
task_1530093182765_0001_m_000044,18:54:59,18:57:14
task_1530093182765_0001_m_000048,18:54:59,18:57:09
task_1530093182765_0001_m_000049,18:54:59,18:56:58
task_1530093182765_0001_m_000050,18:54:59,18:57:03
task_1530093182765_0001_m_000056,18:54:59,18:56:57
task_1530093182765_0001_m_000057,18:54:59,18:56:57
task_1530093182765_0001_m_000058,18:54:59,18:57:05
task_1530093182765_0001_m_000065,18:54:59,18:56:57
task_1530093182765_0001_m_000075,18:54:59,18:56:57
task_1530093182765_0001_m_000081,18:54:59,18:57:06
task_1530093182765_0001_m_000083,18:54:59,18:57:18
task_1530093182765_0001_m_000084,18:54:59,18:56:54
task_1530093182765_0001_m_000091,18:54:59,18:56:59
task_1530093182765_0001_m_000094,18:54:59,18:57:09
task_1530093182765_0001_m_000097,18:54:59,18:57:05
task_1530093182765_0001_m_000098,18:54:59,18:56:57
task_1530093182765_0001_m_000100,18:54:59,18:57:08
task_1530093182765_0001_m_000101,18:54:59,18:57:04
task_1530093182765_0001_m_000104,18:54:59,18:57:08
task_1530093182765_0001_m_000110,18:54:59,18:57:01
task_1530093182765_0001_m_000111,18:54:59,18:57:19
task_1530093182765_0001_m_000112,18:54:59,18:56:58
task_1530093182765_0001_m_000114,18:54:59,18:57:13
task_1530093182765_0001_m_000117,18:54:59,18:57:03
task_1530093182765_0001_m_000124,18:54:59,18:57:04
task_1530093182765_0001_m_000125,18:54:59,18:56:54
task_1530093182765_0001_m_000126,18:54:59,18:56:57
task_1530093182765_0001_m_000129,18:54:59,18:57:06
task_1530093182765_0001_m_000133,18:54:59,18:57:03
task_1530093182765_0001_m_000134,18:54:59,18:56:58
task_1530093182765_0001_m_000136,18:54:59,18:57:02
task_1530093182765_0001_m_000140,18:54:59,18:57:10
task_1530093182765_0001_m_000143,18:54:59,18:57:00
task_1530093182765_0001_m_000144,18:54:59,18:57:07
task_1530093182765_0001_m_000149,18:54:59,18:57:14
task_1530093182765_0001_m_000151,18:54:59,18:56:58
task_1530093182765_0001_m_000157,18:54:59,18:57:15
task_1530093182765_0001_m_000165,18:54:59,18:56:59
task_1530093182765_0001_m_000171,18:54:59,18:57:07
task_1530093182765_0001_m_000174,18:54:59,18:56:54
task_1530093182765_0001_m_000175,18:54:59,18:56:55
task_1530093182765_0001_m_000178,18:54:59,18:56:54
task_1530093182765_0001_m_000179,18:54:59,18:57:01
task_1530093182765_0001_m_000181,18:54:59,18:57:15
task_1530093182765_0001_m_000182,18:54:59,18:57:03
task_1530093182765_0001_m_000188,18:54:59,18:57:01
task_1530093182765_0001_m_000194,18:54:59,18:57:02
task_1530093182765_0001_m_000195,18:54:59,18:56:45
task_1530093182765_0001_m_000198,18:54:59,18:56:51
task_1530093182765_0001_m_000199,18:54:59,18:56:58
task_1530093182765_0001_m_000207,18:54:59,18:57:01
task_1530093182765_0001_m_000213,18:54:59,18:57:00
task_1530093182765_0001_m_000214,18:54:59,18:56:58
task_1530093182765_0001_m_000222,18:54:59,18:57:01
task_1530093182765_0001_m_000224,18:54:59,18:56:53
task_1530093182765_0001_m_000225,18:54:59,18:56:55
task_1530093182765_0001_m_000229,18:54:59,18:57:02
task_1530093182765_0001_m_000232,18:54:59,18:56:51
task_1530093182765_0001_m_000237,18:54:59,18:56:51
task_1530093182765_0001_m_000238,18:54:59,18:56:56
task_1530093182765_0001_m_000240,18:54:59,18:56:53
task_1530093182765_0001_m_000241,18:54:59,18:56:50
task_1530093182765_0001_m_000242,18:54:59,18:56:53
task_1530093182765_0001_m_000245,18:54:59,18:56:51
task_1530093182765_0001_m_000246,18:54:59,18:56:57
task_1530093182765_0001_m_000249,18:54:59,18:56:55
task_1530093182765_0001_m_000256,18:54:59,18:56:48
task_1530093182765_0001_m_000258,18:54:59,18:56:52
task_1530093182765_0001_m_000260,18:54:59,18:57:13
task_1530093182765_0001_m_000262,18:54:59,18:56:52
task_1530093182765_0001_m_000267,18:54:59,18:57:12
task_1530093182765_0001_m_000268,18:54:59,18:57:11
task_1530093182765_0001_m_000272,18:54:59,18:56:53
task_1530093182765_0001_m_000276,18:54:59,18:57:01
task_1530093182765_0001_m_000280,18:54:59,18:57:00
task_1530093182765_0001_m_000281,18:54:59,18:56:59
task_1530093182765_0001_m_000282,18:54:59,18:57:07
task_1530093182765_0001_m_000283,18:54:59,18:56:58
task_1530093182765_0001_m_000285,18:54:59,18:56:50
task_1530093182765_0001_m_000287,18:54:59,18:56:56
task_1530093182765_0001_m_000019,18:55:00,18:57:01
task_1530093182765_0001_m_000021,18:55:00,18:57:04
task_1530093182765_0001_m_000023,18:55:00,18:57:11
task_1530093182765_0001_m_000024,18:55:00,18:57:01
task_1530093182765_0001_m_000025,18:55:00,18:57:06
task_1530093182765_0001_m_000026,18:55:00,18:57:02
task_1530093182765_0001_m_000027,18:55:00,18:57:07
task_1530093182765_0001_m_000029,18:55:00,18:57:04
task_1530093182765_0001_m_000030,18:55:00,18:57:08
task_1530093182765_0001_m_000032,18:55:00,18:57:09
task_1530093182765_0001_m_000034,18:55:00,18:56:56
task_1530093182765_0001_m_000035,18:55:00,18:57:08
task_1530093182765_0001_m_000037,18:55:00,18:57:00
task_1530093182765_0001_m_000040,18:55:00,18:57:12
task_1530093182765_0001_m_000041,18:55:00,18:57:09
task_1530093182765_0001_m_000043,18:55:00,18:57:08
task_1530093182765_0001_m_000045,18:55:00,18:57:05
task_1530093182765_0001_m_000046,18:55:00,18:56:57
task_1530093182765_0001_m_000051,18:55:00,18:57:09
task_1530093182765_0001_m_000052,18:55:00,18:56:59
task_1530093182765_0001_m_000053,18:55:00,18:56:58
task_1530093182765_0001_m_000054,18:55:00,18:57:14
task_1530093182765_0001_m_000055,18:55:00,18:57:00
task_1530093182765_0001_m_000059,18:55:00,18:57:07
task_1530093182765_0001_m_000060,18:55:00,18:57:08
task_1530093182765_0001_m_000061,18:55:00,18:57:11
task_1530093182765_0001_m_000062,18:55:00,18:57:05
task_1530093182765_0001_m_000064,18:55:00,18:57:10
task_1530093182765_0001_m_000067,18:55:00,18:57:02
task_1530093182765_0001_m_000068,18:55:00,18:57:04
task_1530093182765_0001_m_000069,18:55:00,18:57:01
task_1530093182765_0001_m_000070,18:55:00,18:57:16
task_1530093182765_0001_m_000071,18:55:00,18:57:00
task_1530093182765_0001_m_000072,18:55:00,18:57:14
task_1530093182765_0001_m_000073,18:55:00,18:57:10
task_1530093182765_0001_m_000076,18:55:00,18:57:15
task_1530093182765_0001_m_000086,18:55:00,18:57:05
task_1530093182765_0001_m_000088,18:55:00,18:57:13
task_1530093182765_0001_m_000093,18:55:00,18:57:12
task_1530093182765_0001_m_000120,18:55:00,18:57:13
task_1530093182765_0001_m_000121,18:55:00,18:57:02
task_1530093182765_0001_m_000123,18:55:00,18:57:05
task_1530093182765_0001_m_000127,18:55:00,18:57:13
task_1530093182765_0001_m_000130,18:55:00,18:57:04
task_1530093182765_0001_m_000131,18:55:00,18:57:17
task_1530093182765_0001_m_000132,18:55:00,18:57:11
task_1530093182765_0001_m_000137,18:55:00,18:57:14
task_1530093182765_0001_m_000138,18:55:00,18:57:06
task_1530093182765_0001_m_000141,18:55:00,18:57:10
task_1530093182765_0001_m_000142,18:55:00,18:57:21
task_1530093182765_0001_m_000145,18:55:00,18:57:01
task_1530093182765_0001_m_000148,18:55:00,18:57:01
task_1530093182765_0001_m_000152,18:55:00,18:57:06
task_1530093182765_0001_m_000154,18:55:00,18:57:11
task_1530093182765_0001_m_000158,18:55:00,18:57:09
task_1530093182765_0001_m_000160,18:55:00,18:57:13
task_1530093182765_0001_m_000161,18:55:00,18:57:04
task_1530093182765_0001_m_000162,18:55:00,18:57:11
task_1530093182765_0001_m_000167,18:55:00,18:57:12
task_1530093182765_0001_m_000169,18:55:00,18:57:16
task_1530093182765_0001_m_000170,18:55:00,18:57:07
task_1530093182765_0001_m_000172,18:55:00,18:57:07
task_1530093182765_0001_m_000176,18:55:00,18:57:04
task_1530093182765_0001_m_000180,18:55:00,18:57:05
task_1530093182765_0001_m_000183,18:55:00,18:57:12
task_1530093182765_0001_m_000184,18:55:00,18:57:07
task_1530093182765_0001_m_000186,18:55:00,18:56:59
task_1530093182765_0001_m_000187,18:55:00,18:57:08
task_1530093182765_0001_m_000190,18:55:00,18:57:02
task_1530093182765_0001_m_000192,18:55:00,18:57:02
task_1530093182765_0001_m_000193,18:55:00,18:57:02
task_1530093182765_0001_m_000197,18:55:00,18:57:10
task_1530093182765_0001_m_000200,18:55:00,18:57:04
task_1530093182765_0001_m_000202,18:55:00,18:57:01
task_1530093182765_0001_m_000208,18:55:00,18:57:01
task_1530093182765_0001_m_000223,18:55:00,18:56:58
task_1530093182765_0001_m_000226,18:55:00,18:57:03
task_1530093182765_0001_m_000227,18:55:00,18:57:08
task_1530093182765_0001_m_000228,18:55:00,18:57:08
task_1530093182765_0001_m_000236,18:55:00,18:56:58
task_1530093182765_0001_m_000239,18:55:00,18:57:00
task_1530093182765_0001_m_000248,18:55:00,18:57:00
task_1530093182765_0001_m_000250,18:55:00,18:56:50
task_1530093182765_0001_m_000253,18:55:00,18:56:59
task_1530093182765_0001_m_000254,18:55:00,18:57:01
task_1530093182765_0001_m_000255,18:55:00,18:57:08
task_1530093182765_0001_m_000261,18:55:00,18:57:06
task_1530093182765_0001_m_000263,18:55:00,18:57:01
task_1530093182765_0001_m_000265,18:55:00,18:56:57
task_1530093182765_0001_m_000270,18:55:00,18:57:03
task_1530093182765_0001_m_000273,18:55:00,18:57:05
task_1530093182765_0001_m_000274,18:55:00,18:56:56
task_1530093182765_0001_m_000277,18:55:00,18:56:56
task_1530093182765_0001_m_000278,18:55:00,18:57:01
task_1530093182765_0001_m_000279,18:55:00,18:56:59
task_1530093182765_0001_m_000284,18:55:00,18:57:02
task_1530093182765_0001_m_000286,18:55:00,18:57:08
task_1530093182765_0001_m_000288,18:55:00,18:56:56
task_1530093182765_0001_m_000289,18:55:00,18:56:54
task_1530093182765_0001_m_000022,18:55:01,18:57:11
task_1530093182765_0001_m_000031,18:55:01,18:57:11
task_1530093182765_0001_m_000036,18:55:01,18:57:02
task_1530093182765_0001_m_000039,18:55:01,18:57:12
task_1530093182765_0001_m_000047,18:55:01,18:57:08
task_1530093182765_0001_m_000063,18:55:01,18:57:07
task_1530093182765_0001_m_000066,18:55:01,18:57:08
task_1530093182765_0001_m_000078,18:55:01,18:57:14
task_1530093182765_0001_m_000079,18:55:01,18:57:10
task_1530093182765_0001_m_000082,18:55:01,18:57:19
task_1530093182765_0001_m_000089,18:55:01,18:57:24
task_1530093182765_0001_m_000090,18:55:01,18:57:07
task_1530093182765_0001_m_000092,18:55:01,18:57:04
task_1530093182765_0001_m_000095,18:55:01,18:57:24
task_1530093182765_0001_m_000096,18:55:01,18:57:15
task_1530093182765_0001_m_000099,18:55:01,18:57:06
task_1530093182765_0001_m_000102,18:55:01,18:57:06
task_1530093182765_0001_m_000105,18:55:01,18:57:25
task_1530093182765_0001_m_000106,18:55:01,18:57:07
task_1530093182765_0001_m_000109,18:55:01,18:57:18
task_1530093182765_0001_m_000113,18:55:01,18:57:15
task_1530093182765_0001_m_000115,18:55:01,18:56:53
task_1530093182765_0001_m_000116,18:55:01,18:57:09
task_1530093182765_0001_m_000119,18:55:01,18:57:21
task_1530093182765_0001_m_000135,18:55:01,18:57:15
task_1530093182765_0001_m_000150,18:55:01,18:57:08
task_1530093182765_0001_m_000153,18:55:01,18:57:14
task_1530093182765_0001_m_000155,18:55:01,18:57:21
task_1530093182765_0001_m_000159,18:55:01,18:56:58
task_1530093182765_0001_m_000163,18:55:01,18:57:04
task_1530093182765_0001_m_000164,18:55:01,18:57:10
task_1530093182765_0001_m_000166,18:55:01,18:57:13
task_1530093182765_0001_m_000168,18:55:01,18:57:14
task_1530093182765_0001_m_000173,18:55:01,18:57:14
task_1530093182765_0001_m_000189,18:55:01,18:56:50
task_1530093182765_0001_m_000196,18:55:01,18:57:08
task_1530093182765_0001_m_000201,18:55:01,18:57:13
task_1530093182765_0001_m_000205,18:55:01,18:57:15
task_1530093182765_0001_m_000206,18:55:01,18:56:59
task_1530093182765_0001_m_000209,18:55:01,18:57:05
task_1530093182765_0001_m_000212,18:55:01,18:57:07
task_1530093182765_0001_m_000218,18:55:01,18:57:09
task_1530093182765_0001_m_000219,18:55:01,18:56:50
task_1530093182765_0001_m_000221,18:55:01,18:57:04
task_1530093182765_0001_m_000230,18:55:01,18:57:09
task_1530093182765_0001_m_000231,18:55:01,18:57:11
task_1530093182765_0001_m_000234,18:55:01,18:57:03
task_1530093182765_0001_m_000247,18:55:01,18:57:11
task_1530093182765_0001_m_000251,18:55:01,18:57:03
task_1530093182765_0001_m_000252,18:55:01,18:57:08
task_1530093182765_0001_m_000259,18:55:01,18:57:07
task_1530093182765_0001_m_000264,18:55:01,18:57:04
task_1530093182765_0001_m_000266,18:55:01,18:57:12
task_1530093182765_0001_m_000271,18:55:01,18:57:22
task_1530093182765_0001_m_000275,18:55:01,18:57:00
task_1530093182765_0001_r_000000,18:56:53,18:57:27
